Workbook

Sheet Project_Info
A1: Field | B1: Value
A2: Project Name | B2: ACME Systems Engineering - Drone Swarm System (Example)
A3: Description | B3: Workbook for team organization, stakeholders, and resource workload tracking.
A4: Owner | B4: Moneypenny (Solution Management)
A5: Version | B5: 1.0
A6: Last Generated | B6: 2025-10-28

Sheet Sprints
A1: Sprint | B1: Start | C1: End | D1: Length (days)
A2: Sprint 1 | B2: 2025-11-03 | C2: 2025-11-16 | D2: 14
A3: Sprint 2 | B3: 2025-11-17 | C3: 2025-11-30 | D3: 14
A4: Sprint 3 | B4: 2025-12-01 | C4: 2025-12-14 | D4: 14
A5: Sprint 4 | B5: 2025-12-15 | C5: 2025-12-28 | D5: 14
A6: Sprint 5 | B6: 2025-12-29 | C6: 2026-01-11 | D6: 14
A7: Sprint 6 | B7: 2026-01-12 | C7: 2026-01-25 | D7: 14
A8: Sprint 7 | B8: 2026-01-26 | C8: 2026-02-08 | D8: 14
A9: Sprint 8 | B9: 2026-02-09 | C9: 2026-02-22 | D9: 14

Sheet Stakeholders
A1: Name | B1: Role | C1: Level | D1: ART | E1: Team | F1: Unit | G1: Influence | H1: Interest | I1: Engagement Plan | J1: Contact
A2: Batman | B2: Product Manager | C2: ART | D2: ART 1 | E2: Team Alpha | F2: Justice League Command | G2: High | H2: High
A3: Superman | B3: Release Train Engineer | C3: ART | D3: ART 1 | E3: Team Alpha | F3: Justice League Command | G3: Medium | H3: High
A4: Wonder Woman | B4: System Architect | C4: ART | D4: ART 1 | E4: Team Alpha | F4: Justice League Command | G4: Medium | H4: High
A5: Iron Man | B5: Scrum Master | C5: ART | D5: ART 1 | E5: Team Beta | F5: Avengers Interface | G5: Medium | H5: High
A6: Captain America | B6: Scrum Master | C6: ART | D6: ART 1 | E6: Team Beta | F6: Avengers Interface | G6: Medium | H6: High
A7: Professor X | B7: Product Manager | C7: ART | D7: ART 2 | E7: Team Alpha | F7: X-Men Flight | G7: High | H7: High
A8: Cyclops | B8: Release Train Engineer | C8: ART | D8: ART 2 | E8: Team Alpha | F8: X-Men Flight | G8: Medium | H8: High
A9: Storm | B9: System Architect | C9: ART | D9: ART 2 | E9: Team Alpha | F9: X-Men Flight | G9: Medium | H9: High
A10: Reed Richards | B10: Scrum Master | C10: ART | D10: ART 2 | E10: Team Beta | F10: Fantastic Four Navigation | G10: Medium | H10: High
A11: Sue Storm | B11: Scrum Master | C11: ART | D11: ART 2 | E11: Team Beta | F11: Fantastic Four Navigation | G11: Medium | H11: High
A12: Raven | B12: Product Manager | C12: ART | D12: ART 3 | E12: Team Alpha | F12: Teen Titans Communication | G12: High | H12: High
A13: Robin | B13: Release Train Engineer | C13: ART | D13: ART 3 | E13: Team Alpha | F13: Teen Titans Communication | G13: Medium | H13: High
... A36: Aquaman | B36: Scrum Master | C36: ART | D36: ART 7 | E36: Team Beta | F36: Justice League Validation | G36: Medium | H36: High

Sheet Organization
A1: Level | B1: ART | C1: ART Name | D1: Team | E1: Unit | F1: Role | G1: Name | H1: Notes
A2: ART | B2: ART 1 | C2: Ground Control Station | D2: Team Alpha | E2: Justice League Command | F2: Product Manager | G2: Batman
A3: ART | B3: ART 1 | C3: Ground Control Station | D3: Team Alpha | E3: Justice League Command | F3: Release Train Engineer | G3: Superman
A4: ART | B4: ART 1 | C4: Ground Control Station | D4: Team Alpha | E4: Justice League Command | F4: System Architect | G4: Wonder Woman
A5: ART | B5: ART 1 | C5: Ground Control Station | D5: Team Beta | E5: Avengers Interface | F5: Scrum Master | G5: Iron Man
A6: ART | B6: ART 1 | C6: Ground Control Station | D6: Team Beta | E6: Avengers Interface | F6: Scrum Master | G6: Captain America
A7: ART | B7: ART 2 | C7: Airborne Systems | D7: Team Alpha | E7: X-Men Flight | F7: Product Manager | G7: Professor X
A8: ART | B8: ART 2 | C8: Airborne Systems | D8: Team Alpha | E8: X-Men Flight | F8: Release Train Engineer | G8: Cyclops
A9: ART | B9: ART 2 | C9: Airborne Systems | D9: Team Alpha | E9: X-Men Flight | F9: System Architect | G9: Storm
A10: ART | B10: ART 2 | C10: Airborne Systems | D10: Team Beta | E10: Fantastic Four Navigation | F10: Scrum Master | G10: Reed Richards
A11: ART | B11: ART 2 | C11: Airborne Systems | D11: Team Beta | E11: Fantastic Four Navigation | F11: Scrum Master | G11: Sue Storm
A12: ART | B12: ART 3 | C12: Communication Systems | D12: Team Alpha | E12: Teen Titans Communication | F12: Product Manager | G12: Raven
A13: ART | B13: ART 3 | C13: Communication Systems | D13: Team Alpha | E13: Teen Titans Communication | F13: Release Train Engineer | G13: Robin
... A92: ART | B92: ART 7 | C92: Integration & Test | D92: Team Beta | E92: Justice League Validation | F92: Validation Specialist | G92: Talia al Ghul

Sheet Teams
A1: ART | B1: Team | C1: Unit | D1: Role | E1: Count
A2: ART 1 | B2: Team Alpha | C2: Justice League Command | D2: Product Manager | E2: 1
A3: ART 1 | B3: Team Alpha | C3: Justice League Command | D3: Release Train Engineer | E3: 1
A4: ART 1 | B4: Team Alpha | C4: Justice League Command | D4: System Architect | E4: 1
A5: ART 1 | B5: Team Beta | C5: Avengers Interface | D5: Mission Planning Specialist | E5: 2
A6: ART 1 | B6: Team Beta | C6: Avengers Interface | D6: Monitoring System Developer | E6: 2
A7: ART 1 | B7: Team Beta | C7: Avengers Interface | D7: Real-Time Analytics | E7: 2
A8: ART 1 | B8: Team Beta | C8: Avengers Interface | D8: Scrum Master | E8: 2
A9: ART 1 | B9: Team Beta | C9: Avengers Interface | D9: Ui/Ux Developer | E9: 2
A10: ART 2 | B10: Team Alpha | C10: X-Men Flight | D10: Product Manager | E10: 1
A11: ART 2 | B11: Team Alpha | C11: X-Men Flight | D11: Release Train Engineer | E11: 1
A12: ART 2 | B12: Team Alpha | C12: X-Men Flight | D12: System Architect | E12: 1
A13: ART 2 | B13: Team Beta | C13: Fantastic Four Navigation | D13: Ai/Ml Engineer | E13: 2
... A57: ART 7 | B57: Team Beta | C57: Justice League Validation | D57: Validation Specialist | E57: 2

Sheet Activities
A1: ID | B1: Title | C1: Team | D1: ART | E1: Assigned To | F1: Role | G1: Sprint | H1: Estimate (h) | I1: Status | J1: Priority | K1: Dependency
A2: A-001 | B2: GCS-Airborne interface contract | C2: Justice League Command | D2: ART 1 | E2: Batman | F2: Product Manager | G2: Sprint 1 | H2: 6 | I2: Planned | J2: High | K2: Professor X
A3: A-002 | B3: Secure comms requirement baseline | C3: Teen Titans Communication | D3: ART 3 | E3: Raven | F3: Product Manager | G3: Sprint 2 | H3: 8 | I3: Planned | J3: High | K3: Nick Fury
A4: A-003 | B4: Swarm/Flight behavior API | C4: X-Men Coordination | D4: ART 6 | E4: Jean Grey | F4: Product Manager | G4: Sprint 2 | H4: 10 | I4: Planned | J4: High | K4: Professor X
A5: A-004 | B5: Integration test plan v1 | C5: Avengers Assembly | D5: ART 7 | E5: Thor | F5: Product Manager | G5: Sprint 1 | H5: 12 | I5: Planned | J5: High | K5: ALL

Sheet RACI
A1: Activity | B1: Zeus | C1: Athena | D1: Hermes | E1: M | F1: Q | G1: Moneypenny | H1: Product Managers | I1: RTEs | J1: System Architects | K1: Scrum Masters
A2: PI Planning (Portfolio) | B2: A | C2: C | D2: I | E2: R | F2: C | G2: I | H2: C | I2: I | J2: I | K2: I
A3: Solution PI Planning | B3: I | C3: C | D3: I | E3: A | F3: C | G3: R | H3: C | I3: R | J3: C | K3: I
A4: Architecture Sync | B4: I | C4: A | D4: I | E4: C | F4: R | G4: I | H4: I | I4: I | J4: R | K4: I
A5: Monthly Stakeholder Review | B5: A | C5: C | D5: R | E5: I | F5: I | G5: R | H5: C | I5: I | J5: I | K5: I
A6: Solution Demo | B6: I | C6: I | D6: I | E6: A | F6: C | G6: R | H6: R | I6: R | J6: C | K6: C
A7: Security Review | B7: I | C7: C | D7: I | E7: C | F7: C | G7: I | H7: C | I7: I | J7: R | K7: I

Sheet Risks_Issues
A1: ID | B1: Type | C1: Title | D1: Description | E1: Owner | F1: Impact | G1: Probability | H1: Mitigation | I1: Status | J1: Target Sprint

Sheet Resource_Workload
A1: Resource | B1: Role | C1: Level | D1: ART | E1: Team | F1: Unit | G1: Cap Hrs/Sprint | H1: S1 % | I1: S2 % | J1: S3 % | K1: S4 % | L1: S5 % | M1: S6 % | N1: S7 % | O1: S8 % | P1: S1 Hrs | Q1: S2 Hrs | R1: S3 Hrs | S1: S4 Hrs | T1: S5 Hrs | U1: S6 Hrs | V1: S7 Hrs | W1: S8 Hrs | X1: Total Hrs | Y1: Avg Util % | Z1: Over/Under Hrs
A2: Batman | B2: Product Manager | C2: ART | D2: ART 1 | E2: Team Alpha | F2: Justice League Command | G2: 65 | H2: 0 | I2: 0 | J2: 0 | K2: 0 | L2: 0 | M2: 0 | N2: 0 | O2: 0 | P2: =G2*H2 | Q2: =G2*I2 | R2: =G2*J2 | S2: =G2*K2 | T2: =G2*L2 | U2: =G2*M2 | V2: =G2*N2 | W2: =G2*O2 | X2: =SUM(P2:W2) | Y2: =AVERAGE(H2:O2) | Z2: =X2-G2*8
A3: Superman | B3: Release Train Engineer | C3: ART | D3: ART 1 | E3: Team Alpha | F3: Justice League Command | G3: 65 | H3: 0 | I3: 0 | J3: 0 | K3: 0 | L3: 0 | M3: 0 | N3: 0 | O3: 0 | P3: =G3*H3 | Q3: =G3*I3 | R3: =G3*J3 | S3: =G3*K3 | T3: =G3*L3 | U3: =G3*M3 | V3: =G3*N3 | W3: =G3*O3 | X3: =SUM(P3:W3) | Y3: =AVERAGE(H3:O3) | Z3: =X3-G3*8
A4: Wonder Woman | B4: System Architect | C4: ART | D4: ART 1 | E4: Team Alpha | F4: Justice League Command | G4: 65 | H4: 0 | I4: 0 | J4: 0 | K4: 0 | L4: 0 | M4: 0 | N4: 0 | O4: 0 | P4: =G4*H4 | Q4: =G4*I4 | R4: =G4*J4 | S4: =G4*K4 | T4: =G4*L4 | U4: =G4*M4 | V4: =G4*N4 | W4: =G4*O4 | X4: =SUM(P4:W4) | Y4: =AVERAGE(H4:O4) | Z4: =X4-G4*8
A5: Iron Man | B5: Scrum Master | C5: ART | D5: ART 1 | E5: Team Beta | F5: Avengers Interface | G5: 65 | H5: 0 | I5: 0 | J5: 0 | K5: 0 | L5: 0 | M5: 0 | N5: 0 | O5: 0 | P5: =G5*H5 | Q5: =G5*I5 | R5: =G5*J5 | S5: =G5*K5 | T5: =G5*L5 | U5: =G5*M5 | V5: =G5*N5 | W5: =G5*O5 | X5: =SUM(P5:W5) | Y5: =AVERAGE(H5:O5) | Z5: =X5-G5*8
A6: Captain America | B6: Scrum Master | C6: ART | D6: ART 1 | E6: Team Beta | F6: Avengers Interface | G6: 65 | H6: 0 | I6: 0 | J6: 0 | K6: 0 | L6: 0 | M6: 0 | N6: 0 | O6: 0 | P6: =G6*H6 | Q6: =G6*I6 | R6: =G6*J6 | S6: =G6*K6 | T6: =G6*L6 | U6: =G6*M6 | V6: =G6*N6 | W6: =G6*O6 | X6: =SUM(P6:W6) | Y6: =AVERAGE(H6:O6) | Z6: =X6-G6*8
A7: Professor X | B7: Product Manager | C7: ART | D7: ART 2 | E7: Team Alpha | F7: X-Men Flight | G7: 65 | H7: 0 | I7: 0 | J7: 0 | K7: 0 | L7: 0 | M7: 0 | N7: 0 | O7: 0 | P7: =G7*H7 | Q7: =G7*I7 | R7: =G7*J7 | S7: =G7*K7 | T7: =G7*L7 | U7: =G7*M7 | V7: =G7*N7 | W7: =G7*O7 | X7: =SUM(P7:W7) | Y7: =AVERAGE(H7:O7) | Z7: =X7-G7*8
A8: Cyclops | B8: Release Train Engineer | C8: ART | D8: ART 2 | E8: Team Alpha | F8: X-Men Flight | G8: 65 | H8: 0 | I8: 0 | J8: 0 | K8: 0 | L8: 0 | M8: 0 | N8: 0 | O8: 0 | P8: =G8*H8 | Q8: =G8*I8 | R8: =G8*J8 | S8: =G8*K8 | T8: =G8*L8 | U8: =G8*M8 | V8: =G8*N8 | W8: =G8*O8 | X8: =SUM(P8:W8) | Y8: =AVERAGE(H8:O8) | Z8: =X8-G8*8
A9: Storm | B9: System Architect | C9: ART | D9: ART 2 | E9: Team Alpha | F9: X-Men Flight | G9: 65 | H9: 0 | I9: 0 | J9: 0 | K9: 0 | L9: 0 | M9: 0 | N9: 0 | O9: 0 | P9: =G9*H9 | Q9: =G9*I9 | R9: =G9*J9 | S9: =G9*K9 | T9: =G9*L9 | U9: =G9*M9 | V9: =G9*N9 | W9: =G9*O9 | X9: =SUM(P9:W9) | Y9: =AVERAGE(H9:O9) | Z9: =X9-G9*8
A10: Reed Richards | B10: Scrum Master | C10: ART | D10: ART 2 | E10: Team Beta | F10: Fantastic Four Navigation | G10: 65 | H10: 0 | I10: 0 | J10: 0 | K10: 0 | L10: 0 | M10: 0 | N10: 0 | O10: 0 | P10: =G10*H10 | Q10: =G10*I10 | R10: =G10*J10 | S10: =G10*K10 | T10: =G10*L10 | U10: =G10*M10 | V10: =G10*N10 | W10: =G10*O10 | X10: =SUM(P10:W10) | Y10: =AVERAGE(H10:O10) | Z10: =X10-G10*8
A11: Sue Storm | B11: Scrum Master | C11: ART | D11: ART 2 | E11: Team Beta | F11: Fantastic Four Navigation | G11: 65 | H11: 0 | I11: 0 | J11: 0 | K11: 0 | L11: 0 | M11: 0 | N11: 0 | O11: 0 | P11: =G11*H11 | Q11: =G11*I11 | R11: =G11*J11 | S11: =G11*K11 | T11: =G11*L11 | U11: =G11*M11 | V11: =G11*N11 | W11: =G11*O11 | X11: =SUM(P11:W11) | Y11: =AVERAGE(H11:O11) | Z11: =X11-G11*8
A12: Raven | B12: Product Manager | C12: ART | D12: ART 3 | E12: Team Alpha | F12: Teen Titans Communication | G12: 65 | H12: 0 | I12: 0 | J12: 0 | K12: 0 | L12: 0 | M12: 0 | N12: 0 | O12: 0 | P12: =G12*H12 | Q12: =G12*I12 | R12: =G12*J12 | S12: =G12*K12 | T12: =G12*L12 | U12: =G12*M12 | V12: =G12*N12 | W12: =G12*O12 | X12: =SUM(P12:W12) | Y12: =AVERAGE(H12:O12) | Z12: =X12-G12*8
A13: Robin | B13: Release Train Engineer | C13: ART | D13: ART 3 | E13: Team Alpha | F13: Teen Titans Communication | G13: 65 | H13: 0 | I13: 0 | J13: 0 | K13: 0 | L13: 0 | M13: 0 | N13: 0 | O13: 0 | P13: =G13*H13 | Q13: =G13*I13 | R13: =G13*J13 | S13: =G13*K13 | T13: =G13*L13 | U13: =G13*M13 | V13: =G13*N13 | W13: =G13*O13 | X13: =SUM(P13:W13) | Y13: =AVERAGE(H13:O13) | Z13: =X13-G13*8
... A92: Talia al Ghul | B92: Validation Specialist | C92: ART | D92: ART 7 | E92: Team Beta | F92: Justice League Validation | G92: 65 | H92: 0 | I92: 0 | J92: 0 | K92: 0 | L92: 0 | M92: 0 | N92: 0 | O92: 0 | P92: =G92*H92 | Q92: =G92*I92 | R92: =G92*J92 | S92: =G92*K92 | T92: =G92*L92 | U92: =G92*M92 | V92: =G92*N92 | W92: =G92*O92 | X92: =SUM(P92:W92) | Y92: =AVERAGE(H92:O92) | Z92: =X92-G92*8

Sheet Summary_ART
A1: ART | B1: Headcount | C1: Total Cap/Sprint | D1: S1 Hrs | E1: S2 Hrs | F1: S3 Hrs | G1: S4 Hrs | H1: S5 Hrs | I1: S6 Hrs | J1: S7 Hrs | K1: S8 Hrs | L1: Total Hrs | M1: Overall Util % | N1: Avg Util % | O1: Over/Under Hrs
A2: ART 1 | B2: =COUNTIF(Resource_Workload!$D:$D,$A2) | C2: =SUMIF(Resource_Workload!$D:$D,$A2,Resource_Workload!$G:$G) | D2: =SUMIF(Resource_Workload!$D:$D,$A2,Resource_Workload!$P:$P) | E2: =SUMIF(Resource_Workload!$D:$D,$A2,Resource_Workload!$Q:$Q) | F2: =SUMIF(Resource_Workload!$D:$D,$A2,Resource_Workload!$R:$R) | G2: =SUMIF(Resource_Workload!$D:$D,$A2,Resource_Workload!$S:$S) | H2: =SUMIF(Resource_Workload!$D:$D,$A2,Resource_Workload!$T:$T) | I2: =SUMIF(Resource_Workload!$D:$D,$A2,Resource_Workload!$U:$U) | J2: =SUMIF(Resource_Workload!$D:$D,$A2,Resource_Workload!$V:$V) | K2: =SUMIF(Resource_Workload!$D:$D,$A2,Resource_Workload!$W:$W) | L2: =SUMIF(Resource_Workload!$D:$D,$A2,Resource_Workload!$X:$X) | M2: =IFERROR(L2/(C2*8),0) | N2: =AVERAGEIF(Resource_Workload!$D:$D,$A2,Resource_Workload!$Y:$Y) | O2: =SUMIF(Resource_Workload!$D:$D,$A2,Resource_Workload!$Z:$Z)
A3: ART 2 | B3: =COUNTIF(Resource_Workload!$D:$D,$A3) | C3: =SUMIF(Resource_Workload!$D:$D,$A3,Resource_Workload!$G:$G) | D3: =SUMIF(Resource_Workload!$D:$D,$A3,Resource_Workload!$P:$P) | E3: =SUMIF(Resource_Workload!$D:$D,$A3,Resource_Workload!$Q:$Q) | F3: =SUMIF(Resource_Workload!$D:$D,$A3,Resource_Workload!$R:$R) | G3: =SUMIF(Resource_Workload!$D:$D,$A3,Resource_Workload!$S:$S) | H3: =SUMIF(Resource_Workload!$D:$D,$A3,Resource_Workload!$T:$T) | I3: =SUMIF(Resource_Workload!$D:$D,$A3,Resource_Workload!$U:$U) | J3: =SUMIF(Resource_Workload!$D:$D,$A3,Resource_Workload!$V:$V) | K3: =SUMIF(Resource_Workload!$D:$D,$A3,Resource_Workload!$W:$W) | L3: =SUMIF(Resource_Workload!$D:$D,$A3,Resource_Workload!$X:$X) | M3: =IFERROR(L3/(C3*8),0) | N3: =AVERAGEIF(Resource_Workload!$D:$D,$A3,Resource_Workload!$Y:$Y) | O3: =SUMIF(Resource_Workload!$D:$D,$A3,Resource_Workload!$Z:$Z)
A4: ART 3 | B4: =COUNTIF(Resource_Workload!$D:$D,$A4) | C4: =SUMIF(Resource_Workload!$D:$D,$A4,Resource_Workload!$G:$G) | D4: =SUMIF(Resource_Workload!$D:$D,$A4,Resource_Workload!$P:$P) | E4: =SUMIF(Resource_Workload!$D:$D,$A4,Resource_Workload!$Q:$Q) | F4: =SUMIF(Resource_Workload!$D:$D,$A4,Resource_Workload!$R:$R) | G4: =SUMIF(Resource_Workload!$D:$D,$A4,Resource_Workload!$S:$S) | H4: =SUMIF(Resource_Workload!$D:$D,$A4,Resource_Workload!$T:$T) | I4: =SUMIF(Resource_Workload!$D:$D,$A4,Resource_Workload!$U:$U) | J4: =SUMIF(Resource_Workload!$D:$D,$A4,Resource_Workload!$V:$V) | K4: =SUMIF(Resource_Workload!$D:$D,$A4,Resource_Workload!$W:$W) | L4: =SUMIF(Resource_Workload!$D:$D,$A4,Resource_Workload!$X:$X) | M4: =IFERROR(L4/(C4*8),0) | N4: =AVERAGEIF(Resource_Workload!$D:$D,$A4,Resource_Workload!$Y:$Y) | O4: =SUMIF(Resource_Workload!$D:$D,$A4,Resource_Workload!$Z:$Z)
A5: ART 4 | B5: =COUNTIF(Resource_Workload!$D:$D,$A5) | C5: =SUMIF(Resource_Workload!$D:$D,$A5,Resource_Workload!$G:$G) | D5: =SUMIF(Resource_Workload!$D:$D,$A5,Resource_Workload!$P:$P) | E5: =SUMIF(Resource_Workload!$D:$D,$A5,Resource_Workload!$Q:$Q) | F5: =SUMIF(Resource_Workload!$D:$D,$A5,Resource_Workload!$R:$R) | G5: =SUMIF(Resource_Workload!$D:$D,$A5,Resource_Workload!$S:$S) | H5: =SUMIF(Resource_Workload!$D:$D,$A5,Resource_Workload!$T:$T) | I5: =SUMIF(Resource_Workload!$D:$D,$A5,Resource_Workload!$U:$U) | J5: =SUMIF(Resource_Workload!$D:$D,$A5,Resource_Workload!$V:$V) | K5: =SUMIF(Resource_Workload!$D:$D,$A5,Resource_Workload!$W:$W) | L5: =SUMIF(Resource_Workload!$D:$D,$A5,Resource_Workload!$X:$X) | M5: =IFERROR(L5/(C5*8),0) | N5: =AVERAGEIF(Resource_Workload!$D:$D,$A5,Resource_Workload!$Y:$Y) | O5: =SUMIF(Resource_Workload!$D:$D,$A5,Resource_Workload!$Z:$Z)
A6: ART 5 | B6: =COUNTIF(Resource_Workload!$D:$D,$A6) | C6: =SUMIF(Resource_Workload!$D:$D,$A6,Resource_Workload!$G:$G) | D6: =SUMIF(Resource_Workload!$D:$D,$A6,Resource_Workload!$P:$P) | E6: =SUMIF(Resource_Workload!$D:$D,$A6,Resource_Workload!$Q:$Q) | F6: =SUMIF(Resource_Workload!$D:$D,$A6,Resource_Workload!$R:$R) | G6: =SUMIF(Resource_Workload!$D:$D,$A6,Resource_Workload!$S:$S) | H6: =SUMIF(Resource_Workload!$D:$D,$A6,Resource_Workload!$T:$T) | I6: =SUMIF(Resource_Workload!$D:$D,$A6,Resource_Workload!$U:$U) | J6: =SUMIF(Resource_Workload!$D:$D,$A6,Resource_Workload!$V:$V) | K6: =SUMIF(Resource_Workload!$D:$D,$A6,Resource_Workload!$W:$W) | L6: =SUMIF(Resource_Workload!$D:$D,$A6,Resource_Workload!$X:$X) | M6: =IFERROR(L6/(C6*8),0) | N6: =AVERAGEIF(Resource_Workload!$D:$D,$A6,Resource_Workload!$Y:$Y) | O6: =SUMIF(Resource_Workload!$D:$D,$A6,Resource_Workload!$Z:$Z)
A7: ART 6 | B7: =COUNTIF(Resource_Workload!$D:$D,$A7) | C7: =SUMIF(Resource_Workload!$D:$D,$A7,Resource_Workload!$G:$G) | D7: =SUMIF(Resource_Workload!$D:$D,$A7,Resource_Workload!$P:$P) | E7: =SUMIF(Resource_Workload!$D:$D,$A7,Resource_Workload!$Q:$Q) | F7: =SUMIF(Resource_Workload!$D:$D,$A7,Resource_Workload!$R:$R) | G7: =SUMIF(Resource_Workload!$D:$D,$A7,Resource_Workload!$S:$S) | H7: =SUMIF(Resource_Workload!$D:$D,$A7,Resource_Workload!$T:$T) | I7: =SUMIF(Resource_Workload!$D:$D,$A7,Resource_Workload!$U:$U) | J7: =SUMIF(Resource_Workload!$D:$D,$A7,Resource_Workload!$V:$V) | K7: =SUMIF(Resource_Workload!$D:$D,$A7,Resource_Workload!$W:$W) | L7: =SUMIF(Resource_Workload!$D:$D,$A7,Resource_Workload!$X:$X) | M7: =IFERROR(L7/(C7*8),0) | N7: =AVERAGEIF(Resource_Workload!$D:$D,$A7,Resource_Workload!$Y:$Y) | O7: =SUMIF(Resource_Workload!$D:$D,$A7,Resource_Workload!$Z:$Z)
A8: ART 7 | B8: =COUNTIF(Resource_Workload!$D:$D,$A8) | C8: =SUMIF(Resource_Workload!$D:$D,$A8,Resource_Workload!$G:$G) | D8: =SUMIF(Resource_Workload!$D:$D,$A8,Resource_Workload!$P:$P) | E8: =SUMIF(Resource_Workload!$D:$D,$A8,Resource_Workload!$Q:$Q) | F8: =SUMIF(Resource_Workload!$D:$D,$A8,Resource_Workload!$R:$R) | G8: =SUMIF(Resource_Workload!$D:$D,$A8,Resource_Workload!$S:$S) | H8: =SUMIF(Resource_Workload!$D:$D,$A8,Resource_Workload!$T:$T) | I8: =SUMIF(Resource_Workload!$D:$D,$A8,Resource_Workload!$U:$U) | J8: =SUMIF(Resource_Workload!$D:$D,$A8,Resource_Workload!$V:$V) | K8: =SUMIF(Resource_Workload!$D:$D,$A8,Resource_Workload!$W:$W) | L8: =SUMIF(Resource_Workload!$D:$D,$A8,Resource_Workload!$X:$X) | M8: =IFERROR(L8/(C8*8),0) | N8: =AVERAGEIF(Resource_Workload!$D:$D,$A8,Resource_Workload!$Y:$Y) | O8: =SUMIF(Resource_Workload!$D:$D,$A8,Resource_Workload!$Z:$Z)

Sheet Summary_Team
A1: ART | B1: Team | C1: Unit | D1: Headcount | E1: Total Cap/Sprint | F1: S1 Hrs | G1: S2 Hrs | H1: S3 Hrs | I1: S4 Hrs | J1: S5 Hrs | K1: S6 Hrs | L1: S7 Hrs | M1: S8 Hrs | N1: Total Hrs | O1: Overall Util % | P1: Avg Util % | Q1: Over/Under Hrs
A2: ART 1 | B2: Team Alpha | C2: Justice League Command | D2: =COUNTIFS(Resource_Workload!$D:$D,$A2,Resource_Workload!$E:$E,$B2,Resource_Workload!$F:$F,$C2) | E2: =SUMIFS(Resource_Workload!$G:$G,Resource_Workload!$D:$D,$A2,Resource_Workload!$E:$E,$B2,Resource_Workload!$F:$F,$C2) | F2: =SUMIFS(Resource_Workload!$P:$P,Resource_Workload!$D:$D,$A2,Resource_Workload!$E:$E,$B2,Resource_Workload!$F:$F,$C2) | G2: =SUMIFS(Resource_Workload!$Q:$Q,Resource_Workload!$D:$D,$A2,Resource_Workload!$E:$E,$B2,Resource_Workload!$F:$F,$C2) | H2: =SUMIFS(Resource_Workload!$R:$R,Resource_Workload!$D:$D,$A2,Resource_Workload!$E:$E,$B2,Resource_Workload!$F:$F,$C2) | I2: =SUMIFS(Resource_Workload!$S:$S,Resource_Workload!$D:$D,$A2,Resource_Workload!$E:$E,$B2,Resource_Workload!$F:$F,$C2) | J2: =SUMIFS(Resource_Workload!$T:$T,Resource_Workload!$D:$D,$A2,Resource_Workload!$E:$E,$B2,Resource_Workload!$F:$F,$C2) | K2: =SUMIFS(Resource_Workload!$U:$U,Resource_Workload!$D:$D,$A2,Resource_Workload!$E:$E,$B2,Resource_Workload!$F:$F,$C2) | L2: =SUMIFS(Resource_Workload!$V:$V,Resource_Workload!$D:$D,$A2,Resource_Workload!$E:$E,$B2,Resource_Workload!$F:$F,$C2) | M2: =SUMIFS(Resource_Workload!$W:$W,Resource_Workload!$D:$D,$A2,Resource_Workload!$E:$E,$B2,Resource_Workload!$F:$F,$C2) | N2: =SUMIFS(Resource_Workload!$X:$X,Resource_Workload!$D:$D,$A2,Resource_Workload!$E:$E,$B2,Resource_Workload!$F:$F,$C2) | O2: =IFERROR(N2/(E2*8),0) | P2: =AVERAGEIFS(Resource_Workload!$Y:$Y,Resource_Workload!$D:$D,$A2,Resource_Workload!$E:$E,$B2,Resource_Workload!$F:$F,$C2) | Q2: =SUMIFS(Resource_Workload!$Z:$Z,Resource_Workload!$D:$D,$A2,Resource_Workload!$E:$E,$B2,Resource_Workload!$F:$F,$C2)
A3: ART 1 | B3: Team Beta | C3: Avengers Interface | D3: =COUNTIFS(Resource_Workload!$D:$D,$A3,Resource_Workload!$E:$E,$B3,Resource_Workload!$F:$F,$C3) | E3: =SUMIFS(Resource_Workload!$G:$G,Resource_Workload!$D:$D,$A3,Resource_Workload!$E:$E,$B3,Resource_Workload!$F:$F,$C3) | F3: =SUMIFS(Resource_Workload!$P:$P,Resource_Workload!$D:$D,$A3,Resource_Workload!$E:$E,$B3,Resource_Workload!$F:$F,$C3) | G3: =SUMIFS(Resource_Workload!$Q:$Q,Resource_Workload!$D:$D,$A3,Resource_Workload!$E:$E,$B3,Resource_Workload!$F:$F,$C3) | H3: =SUMIFS(Resource_Workload!$R:$R,Resource_Workload!$D:$D,$A3,Resource_Workload!$E:$E,$B3,Resource_Workload!$F:$F,$C3) | I3: =SUMIFS(Resource_Workload!$S:$S,Resource_Workload!$D:$D,$A3,Resource_Workload!$E:$E,$B3,Resource_Workload!$F:$F,$C3) | J3: =SUMIFS(Resource_Workload!$T:$T,Resource_Workload!$D:$D,$A3,Resource_Workload!$E:$E,$B3,Resource_Workload!$F:$F,$C3) | K3: =SUMIFS(Resource_Workload!$U:$U,Resource_Workload!$D:$D,$A3,Resource_Workload!$E:$E,$B3,Resource_Workload!$F:$F,$C3) | L3: =SUMIFS(Resource_Workload!$V:$V,Resource_Workload!$D:$D,$A3,Resource_Workload!$E:$E,$B3,Resource_Workload!$F:$F,$C3) | M3: =SUMIFS(Resource_Workload!$W:$W,Resource_Workload!$D:$D,$A3,Resource_Workload!$E:$E,$B3,Resource_Workload!$F:$F,$C3) | N3: =SUMIFS(Resource_Workload!$X:$X,Resource_Workload!$D:$D,$A3,Resource_Workload!$E:$E,$B3,Resource_Workload!$F:$F,$C3) | O3: =IFERROR(N3/(E3*8),0) | P3: =AVERAGEIFS(Resource_Workload!$Y:$Y,Resource_Workload!$D:$D,$A3,Resource_Workload!$E:$E,$B3,Resource_Workload!$F:$F,$C3) | Q3: =SUMIFS(Resource_Workload!$Z:$Z,Resource_Workload!$D:$D,$A3,Resource_Workload!$E:$E,$B3,Resource_Workload!$F:$F,$C3)
A4: ART 2 | B4: Team Alpha | C4: X-Men Flight | D4: =COUNTIFS(Resource_Workload!$D:$D,$A4,Resource_Workload!$E:$E,$B4,Resource_Workload!$F:$F,$C4) | E4: =SUMIFS(Resource_Workload!$G:$G,Resource_Workload!$D:$D,$A4,Resource_Workload!$E:$E,$B4,Resource_Workload!$F:$F,$C4) | F4: =SUMIFS(Resource_Workload!$P:$P,Resource_Workload!$D:$D,$A4,Resource_Workload!$E:$E,$B4,Resource_Workload!$F:$F,$C4) | G4: =SUMIFS(Resource_Workload!$Q:$Q,Resource_Workload!$D:$D,$A4,Resource_Workload!$E:$E,$B4,Resource_Workload!$F:$F,$C4) | H4: =SUMIFS(Resource_Workload!$R:$R,Resource_Workload!$D:$D,$A4,Resource_Workload!$E:$E,$B4,Resource_Workload!$F:$F,$C4) | I4: =SUMIFS(Resource_Workload!$S:$S,Resource_Workload!$D:$D,$A4,Resource_Workload!$E:$E,$B4,Resource_Workload!$F:$F,$C4) | J4: =SUMIFS(Resource_Workload!$T:$T,Resource_Workload!$D:$D,$A4,Resource_Workload!$E:$E,$B4,Resource_Workload!$F:$F,$C4) | K4: =SUMIFS(Resource_Workload!$U:$U,Resource_Workload!$D:$D,$A4,Resource_Workload!$E:$E,$B4,Resource_Workload!$F:$F,$C4) | L4: =SUMIFS(Resource_Workload!$V:$V,Resource_Workload!$D:$D,$A4,Resource_Workload!$E:$E,$B4,Resource_Workload!$F:$F,$C4) | M4: =SUMIFS(Resource_Workload!$W:$W,Resource_Workload!$D:$D,$A4,Resource_Workload!$E:$E,$B4,Resource_Workload!$F:$F,$C4) | N4: =SUMIFS(Resource_Workload!$X:$X,Resource_Workload!$D:$D,$A4,Resource_Workload!$E:$E,$B4,Resource_Workload!$F:$F,$C4) | O4: =IFERROR(N4/(E4*8),0) | P4: =AVERAGEIFS(Resource_Workload!$Y:$Y,Resource_Workload!$D:$D,$A4,Resource_Workload!$E:$E,$B4,Resource_Workload!$F:$F,$C4) | Q4: =SUMIFS(Resource_Workload!$Z:$Z,Resource_Workload!$D:$D,$A4,Resource_Workload!$E:$E,$B4,Resource_Workload!$F:$F,$C4)
A5: ART 2 | B5: Team Beta | C5: Fantastic Four Navigation | D5: =COUNTIFS(Resource_Workload!$D:$D,$A5,Resource_Workload!$E:$E,$B5,Resource_Workload!$F:$F,$C5) | E5: =SUMIFS(Resource_Workload!$G:$G,Resource_Workload!$D:$D,$A5,Resource_Workload!$E:$E,$B5,Resource_Workload!$F:$F,$C5) | F5: =SUMIFS(Resource_Workload!$P:$P,Resource_Workload!$D:$D,$A5,Resource_Workload!$E:$E,$B5,Resource_Workload!$F:$F,$C5) | G5: =SUMIFS(Resource_Workload!$Q:$Q,Resource_Workload!$D:$D,$A5,Resource_Workload!$E:$E,$B5,Resource_Workload!$F:$F,$C5) | H5: =SUMIFS(Resource_Workload!$R:$R,Resource_Workload!$D:$D,$A5,Resource_Workload!$E:$E,$B5,Resource_Workload!$F:$F,$C5) | I5: =SUMIFS(Resource_Workload!$S:$S,Resource_Workload!$D:$D,$A5,Resource_Workload!$E:$E,$B5,Resource_Workload!$F:$F,$C5) | J5: =SUMIFS(Resource_Workload!$T:$T,Resource_Workload!$D:$D,$A5,Resource_Workload!$E:$E,$B5,Resource_Workload!$F:$F,$C5) | K5: =SUMIFS(Resource_Workload!$U:$U,Resource_Workload!$D:$D,$A5,Resource_Workload!$E:$E,$B5,Resource_Workload!$F:$F,$C5) | L5: =SUMIFS(Resource_Workload!$V:$V,Resource_Workload!$D:$D,$A5,Resource_Workload!$E:$E,$B5,Resource_Workload!$F:$F,$C5) | M5: =SUMIFS(Resource_Workload!$W:$W,Resource_Workload!$D:$D,$A5,Resource_Workload!$E:$E,$B5,Resource_Workload!$F:$F,$C5) | N5: =SUMIFS(Resource_Workload!$X:$X,Resource_Workload!$D:$D,$A5,Resource_Workload!$E:$E,$B5,Resource_Workload!$F:$F,$C5) | O5: =IFERROR(N5/(E5*8),0) | P5: =AVERAGEIFS(Resource_Workload!$Y:$Y,Resource_Workload!$D:$D,$A5,Resource_Workload!$E:$E,$B5,Resource_Workload!$F:$F,$C5) | Q5: =SUMIFS(Resource_Workload!$Z:$Z,Resource_Workload!$D:$D,$A5,Resource_Workload!$E:$E,$B5,Resource_Workload!$F:$F,$C5)
A6: ART 3 | B6: Team Alpha | C6: Teen Titans Communication | D6: =COUNTIFS(Resource_Workload!$D:$D,$A6,Resource_Workload!$E:$E,$B6,Resource_Workload!$F:$F,$C6) | E6: =SUMIFS(Resource_Workload!$G:$G,Resource_Workload!$D:$D,$A6,Resource_Workload!$E:$E,$B6,Resource_Workload!$F:$F,$C6) | F6: =SUMIFS(Resource_Workload!$P:$P,Resource_Workload!$D:$D,$A6,Resource_Workload!$E:$E,$B6,Resource_Workload!$F:$F,$C6) | G6: =SUMIFS(Resource_Workload!$Q:$Q,Resource_Workload!$D:$D,$A6,Resource_Workload!$E:$E,$B6,Resource_Workload!$F:$F,$C6) | H6: =SUMIFS(Resource_Workload!$R:$R,Resource_Workload!$D:$D,$A6,Resource_Workload!$E:$E,$B6,Resource_Workload!$F:$F,$C6) | I6: =SUMIFS(Resource_Workload!$S:$S,Resource_Workload!$D:$D,$A6,Resource_Workload!$E:$E,$B6,Resource_Workload!$F:$F,$C6) | J6: =SUMIFS(Resource_Workload!$T:$T,Resource_Workload!$D:$D,$A6,Resource_Workload!$E:$E,$B6,Resource_Workload!$F:$F,$C6) | K6: =SUMIFS(Resource_Workload!$U:$U,Resource_Workload!$D:$D,$A6,Resource_Workload!$E:$E,$B6,Resource_Workload!$F:$F,$C6) | L6: =SUMIFS(Resource_Workload!$V:$V,Resource_Workload!$D:$D,$A6,Resource_Workload!$E:$E,$B6,Resource_Workload!$F:$F,$C6) | M6: =SUMIFS(Resource_Workload!$W:$W,Resource_Workload!$D:$D,$A6,Resource_Workload!$E:$E,$B6,Resource_Workload!$F:$F,$C6) | N6: =SUMIFS(Resource_Workload!$X:$X,Resource_Workload!$D:$D,$A6,Resource_Workload!$E:$E,$B6,Resource_Workload!$F:$F,$C6) | O6: =IFERROR(N6/(E6*8),0) | P6: =AVERAGEIFS(Resource_Workload!$Y:$Y,Resource_Workload!$D:$D,$A6,Resource_Workload!$E:$E,$B6,Resource_Workload!$F:$F,$C6) | Q6: =SUMIFS(Resource_Workload!$Z:$Z,Resource_Workload!$D:$D,$A6,Resource_Workload!$E:$E,$B6,Resource_Workload!$F:$F,$C6)
A7: ART 3 | B7: Team Beta | C7: Guardians of the Network | D7: =COUNTIFS(Resource_Workload!$D:$D,$A7,Resource_Workload!$E:$E,$B7,Resource_Workload!$F:$F,$C7) | E7: =SUMIFS(Resource_Workload!$G:$G,Resource_Workload!$D:$D,$A7,Resource_Workload!$E:$E,$B7,Resource_Workload!$F:$F,$C7) | F7: =SUMIFS(Resource_Workload!$P:$P,Resource_Workload!$D:$D,$A7,Resource_Workload!$E:$E,$B7,Resource_Workload!$F:$F,$C7) | G7: =SUMIFS(Resource_Workload!$Q:$Q,Resource_Workload!$D:$D,$A7,Resource_Workload!$E:$E,$B7,Resource_Workload!$F:$F,$C7) | H7: =SUMIFS(Resource_Workload!$R:$R,Resource_Workload!$D:$D,$A7,Resource_Workload!$E:$E,$B7,Resource_Workload!$F:$F,$C7) | I7: =SUMIFS(Resource_Workload!$S:$S,Resource_Workload!$D:$D,$A7,Resource_Workload!$E:$E,$B7,Resource_Workload!$F:$F,$C7) | J7: =SUMIFS(Resource_Workload!$T:$T,Resource_Workload!$D:$D,$A7,Resource_Workload!$E:$E,$B7,Resource_Workload!$F:$F,$C7) | K7: =SUMIFS(Resource_Workload!$U:$U,Resource_Workload!$D:$D,$A7,Resource_Workload!$E:$E,$B7,Resource_Workload!$F:$F,$C7) | L7: =SUMIFS(Resource_Workload!$V:$V,Resource_Workload!$D:$D,$A7,Resource_Workload!$E:$E,$B7,Resource_Workload!$F:$F,$C7) | M7: =SUMIFS(Resource_Workload!$W:$W,Resource_Workload!$D:$D,$A7,Resource_Workload!$E:$E,$B7,Resource_Workload!$F:$F,$C7) | N7: =SUMIFS(Resource_Workload!$X:$X,Resource_Workload!$D:$D,$A7,Resource_Workload!$E:$E,$B7,Resource_Workload!$F:$F,$C7) | O7: =IFERROR(N7/(E7*8),0) | P7: =AVERAGEIFS(Resource_Workload!$Y:$Y,Resource_Workload!$D:$D,$A7,Resource_Workload!$E:$E,$B7,Resource_Workload!$F:$F,$C7) | Q7: =SUMIFS(Resource_Workload!$Z:$Z,Resource_Workload!$D:$D,$A7,Resource_Workload!$E:$E,$B7,Resource_Workload!$F:$F,$C7)
A8: ART 4 | B8: Team Alpha | C8: S.H.I.E.L.D. Security | D8: =COUNTIFS(Resource_Workload!$D:$D,$A8,Resource_Workload!$E:$E,$B8,Resource_Workload!$F:$F,$C8) | E8: =SUMIFS(Resource_Workload!$G:$G,Resource_Workload!$D:$D,$A8,Resource_Workload!$E:$E,$B8,Resource_Workload!$F:$F,$C8) | F8: =SUMIFS(Resource_Workload!$P:$P,Resource_Workload!$D:$D,$A8,Resource_Workload!$E:$E,$B8,Resource_Workload!$F:$F,$C8) | G8: =SUMIFS(Resource_Workload!$Q:$Q,Resource_Workload!$D:$D,$A8,Resource_Workload!$E:$E,$B8,Resource_Workload!$F:$F,$C8) | H8: =SUMIFS(Resource_Workload!$R:$R,Resource_Workload!$D:$D,$A8,Resource_Workload!$E:$E,$B8,Resource_Workload!$F:$F,$C8) | I8: =SUMIFS(Resource_Workload!$S:$S,Resource_Workload!$D:$D,$A8,Resource_Workload!$E:$E,$B8,Resource_Workload!$F:$F,$C8) | J8: =SUMIFS(Resource_Workload!$T:$T,Resource_Workload!$D:$D,$A8,Resource_Workload!$E:$E,$B8,Resource_Workload!$F:$F,$C8) | K8: =SUMIFS(Resource_Workload!$U:$U,Resource_Workload!$D:$D,$A8,Resource_Workload!$E:$E,$B8,Resource_Workload!$F:$F,$C8) | L8: =SUMIFS(Resource_Workload!$V:$V,Resource_Workload!$D:$D,$A8,Resource_Workload!$E:$E,$B8,Resource_Workload!$F:$F,$C8) | M8: =SUMIFS(Resource_Workload!$W:$W,Resource_Workload!$D:$D,$A8,Resource_Workload!$E:$E,$B8,Resource_Workload!$F:$F,$C8) | N8: =SUMIFS(Resource_Workload!$X:$X,Resource_Workload!$D:$D,$A8,Resource_Workload!$E:$E,$B8,Resource_Workload!$F:$F,$C8) | O8: =IFERROR(N8/(E8*8),0) | P8: =AVERAGEIFS(Resource_Workload!$Y:$Y,Resource_Workload!$D:$D,$A8,Resource_Workload!$E:$E,$B8,Resource_Workload!$F:$F,$C8) | Q8: =SUMIFS(Resource_Workload!$Z:$Z,Resource_Workload!$D:$D,$A8,Resource_Workload!$E:$E,$B8,Resource_Workload!$F:$F,$C8)
A9: ART 4 | B9: Team Beta | C9: Watchmen Intrusion | D9: =COUNTIFS(Resource_Workload!$D:$D,$A9,Resource_Workload!$E:$E,$B9,Resource_Workload!$F:$F,$C9) | E9: =SUMIFS(Resource_Workload!$G:$G,Resource_Workload!$D:$D,$A9,Resource_Workload!$E:$E,$B9,Resource_Workload!$F:$F,$C9) | F9: =SUMIFS(Resource_Workload!$P:$P,Resource_Workload!$D:$D,$A9,Resource_Workload!$E:$E,$B9,Resource_Workload!$F:$F,$C9) | G9: =SUMIFS(Resource_Workload!$Q:$Q,Resource_Workload!$D:$D,$A9,Resource_Workload!$E:$E,$B9,Resource_Workload!$F:$F,$C9) | H9: =SUMIFS(Resource_Workload!$R:$R,Resource_Workload!$D:$D,$A9,Resource_Workload!$E:$E,$B9,Resource_Workload!$F:$F,$C9) | I9: =SUMIFS(Resource_Workload!$S:$S,Resource_Workload!$D:$D,$A9,Resource_Workload!$E:$E,$B9,Resource_Workload!$F:$F,$C9) | J9: =SUMIFS(Resource_Workload!$T:$T,Resource_Workload!$D:$D,$A9,Resource_Workload!$E:$E,$B9,Resource_Workload!$F:$F,$C9) | K9: =SUMIFS(Resource_Workload!$U:$U,Resource_Workload!$D:$D,$A9,Resource_Workload!$E:$E,$B9,Resource_Workload!$F:$F,$C9) | L9: =SUMIFS(Resource_Workload!$V:$V,Resource_Workload!$D:$D,$A9,Resource_Workload!$E:$E,$B9,Resource_Workload!$F:$F,$C9) | M9: =SUMIFS(Resource_Workload!$W:$W,Resource_Workload!$D:$D,$A9,Resource_Workload!$E:$E,$B9,Resource_Workload!$F:$F,$C9) | N9: =SUMIFS(Resource_Workload!$X:$X,Resource_Workload!$D:$D,$A9,Resource_Workload!$E:$E,$B9,Resource_Workload!$F:$F,$C9) | O9: =IFERROR(N9/(E9*8),0) | P9: =AVERAGEIFS(Resource_Workload!$Y:$Y,Resource_Workload!$D:$D,$A9,Resource_Workload!$E:$E,$B9,Resource_Workload!$F:$F,$C9) | Q9: =SUMIFS(Resource_Workload!$Z:$Z,Resource_Workload!$D:$D,$A9,Resource_Workload!$E:$E,$B9,Resource_Workload!$F:$F,$C9)
A10: ART 5 | B10: Team Alpha | C10: Avengers Intelligence | D10: =COUNTIFS(Resource_Workload!$D:$D,$A10,Resource_Workload!$E:$E,$B10,Resource_Workload!$F:$F,$C10) | E10: =SUMIFS(Resource_Workload!$G:$G,Resource_Workload!$D:$D,$A10,Resource_Workload!$E:$E,$B10,Resource_Workload!$F:$F,$C10) | F10: =SUMIFS(Resource_Workload!$P:$P,Resource_Workload!$D:$D,$A10,Resource_Workload!$E:$E,$B10,Resource_Workload!$F:$F,$C10) | G10: =SUMIFS(Resource_Workload!$Q:$Q,Resource_Workload!$D:$D,$A10,Resource_Workload!$E:$E,$B10,Resource_Workload!$F:$F,$C10) | H10: =SUMIFS(Resource_Workload!$R:$R,Resource_Workload!$D:$D,$A10,Resource_Workload!$E:$E,$B10,Resource_Workload!$F:$F,$C10) | I10: =SUMIFS(Resource_Workload!$S:$S,Resource_Workload!$D:$D,$A10,Resource_Workload!$E:$E,$B10,Resource_Workload!$F:$F,$C10) | J10: =SUMIFS(Resource_Workload!$T:$T,Resource_Workload!$D:$D,$A10,Resource_Workload!$E:$E,$B10,Resource_Workload!$F:$F,$C10) | K10: =SUMIFS(Resource_Workload!$U:$U,Resource_Workload!$D:$D,$A10,Resource_Workload!$E:$E,$B10,Resource_Workload!$F:$F,$C10) | L10: =SUMIFS(Resource_Workload!$V:$V,Resource_Workload!$D:$D,$A10,Resource_Workload!$E:$E,$B10,Resource_Workload!$F:$F,$C10) | M10: =SUMIFS(Resource_Workload!$W:$W,Resource_Workload!$D:$D,$A10,Resource_Workload!$E:$E,$B10,Resource_Workload!$F:$F,$C10) | N10: =SUMIFS(Resource_Workload!$X:$X,Resource_Workload!$D:$D,$A10,Resource_Workload!$E:$E,$B10,Resource_Workload!$F:$F,$C10) | O10: =IFERROR(N10/(E10*8),0) | P10: =AVERAGEIFS(Resource_Workload!$Y:$Y,Resource_Workload!$D:$D,$A10,Resource_Workload!$E:$E,$B10,Resource_Workload!$F:$F,$C10) | Q10: =SUMIFS(Resource_Workload!$Z:$Z,Resource_Workload!$D:$D,$A10,Resource_Workload!$E:$E,$B10,Resource_Workload!$F:$F,$C10)
A11: ART 5 | B11: Team Beta | C11: Justice League Analytics | D11: =COUNTIFS(Resource_Workload!$D:$D,$A11,Resource_Workload!$E:$E,$B11,Resource_Workload!$F:$F,$C11) | E11: =SUMIFS(Resource_Workload!$G:$G,Resource_Workload!$D:$D,$A11,Resource_Workload!$E:$E,$B11,Resource_Workload!$F:$F,$C11) | F11: =SUMIFS(Resource_Workload!$P:$P,Resource_Workload!$D:$D,$A11,Resource_Workload!$E:$E,$B11,Resource_Workload!$F:$F,$C11) | G11: =SUMIFS(Resource_Workload!$Q:$Q,Resource_Workload!$D:$D,$A11,Resource_Workload!$E:$E,$B11,Resource_Workload!$F:$F,$C11) | H11: =SUMIFS(Resource_Workload!$R:$R,Resource_Workload!$D:$D,$A11,Resource_Workload!$E:$E,$B11,Resource_Workload!$F:$F,$C11) | I11: =SUMIFS(Resource_Workload!$S:$S,Resource_Workload!$D:$D,$A11,Resource_Workload!$E:$E,$B11,Resource_Workload!$F:$F,$C11) | J11: =SUMIFS(Resource_Workload!$T:$T,Resource_Workload!$D:$D,$A11,Resource_Workload!$E:$E,$B11,Resource_Workload!$F:$F,$C11) | K11: =SUMIFS(Resource_Workload!$U:$U,Resource_Workload!$D:$D,$A11,Resource_Workload!$E:$E,$B11,Resource_Workload!$F:$F,$C11) | L11: =SUMIFS(Resource_Workload!$V:$V,Resource_Workload!$D:$D,$A11,Resource_Workload!$E:$E,$B11,Resource_Workload!$F:$F,$C11) | M11: =SUMIFS(Resource_Workload!$W:$W,Resource_Workload!$D:$D,$A11,Resource_Workload!$E:$E,$B11,Resource_Workload!$F:$F,$C11) | N11: =SUMIFS(Resource_Workload!$X:$X,Resource_Workload!$D:$D,$A11,Resource_Workload!$E:$E,$B11,Resource_Workload!$F:$F,$C11) | O11: =IFERROR(N11/(E11*8),0) | P11: =AVERAGEIFS(Resource_Workload!$Y:$Y,Resource_Workload!$D:$D,$A11,Resource_Workload!$E:$E,$B11,Resource_Workload!$F:$F,$C11) | Q11: =SUMIFS(Resource_Workload!$Z:$Z,Resource_Workload!$D:$D,$A11,Resource_Workload!$E:$E,$B11,Resource_Workload!$F:$F,$C11)
A12: ART 6 | B12: Team Alpha | C12: X-Men Coordination | D12: =COUNTIFS(Resource_Workload!$D:$D,$A12,Resource_Workload!$E:$E,$B12,Resource_Workload!$F:$F,$C12) | E12: =SUMIFS(Resource_Workload!$G:$G,Resource_Workload!$D:$D,$A12,Resource_Workload!$E:$E,$B12,Resource_Workload!$F:$F,$C12) | F12: =SUMIFS(Resource_Workload!$P:$P,Resource_Workload!$D:$D,$A12,Resource_Workload!$E:$E,$B12,Resource_Workload!$F:$F,$C12) | G12: =SUMIFS(Resource_Workload!$Q:$Q,Resource_Workload!$D:$D,$A12,Resource_Workload!$E:$E,$B12,Resource_Workload!$F:$F,$C12) | H12: =SUMIFS(Resource_Workload!$R:$R,Resource_Workload!$D:$D,$A12,Resource_Workload!$E:$E,$B12,Resource_Workload!$F:$F,$C12) | I12: =SUMIFS(Resource_Workload!$S:$S,Resource_Workload!$D:$D,$A12,Resource_Workload!$E:$E,$B12,Resource_Workload!$F:$F,$C12) | J12: =SUMIFS(Resource_Workload!$T:$T,Resource_Workload!$D:$D,$A12,Resource_Workload!$E:$E,$B12,Resource_Workload!$F:$F,$C12) | K12: =SUMIFS(Resource_Workload!$U:$U,Resource_Workload!$D:$D,$A12,Resource_Workload!$E:$E,$B12,Resource_Workload!$F:$F,$C12) | L12: =SUMIFS(Resource_Workload!$V:$V,Resource_Workload!$D:$D,$A12,Resource_Workload!$E:$E,$B12,Resource_Workload!$F:$F,$C12) | M12: =SUMIFS(Resource_Workload!$W:$W,Resource_Workload!$D:$D,$A12,Resource_Workload!$E:$E,$B12,Resource_Workload!$F:$F,$C12) | N12: =SUMIFS(Resource_Workload!$X:$X,Resource_Workload!$D:$D,$A12,Resource_Workload!$E:$E,$B12,Resource_Workload!$F:$F,$C12) | O12: =IFERROR(N12/(E12*8),0) | P12: =AVERAGEIFS(Resource_Workload!$Y:$Y,Resource_Workload!$D:$D,$A12,Resource_Workload!$E:$E,$B12,Resource_Workload!$F:$F,$C12) | Q12: =SUMIFS(Resource_Workload!$Z:$Z,Resource_Workload!$D:$D,$A12,Resource_Workload!$E:$E,$B12,Resource_Workload!$F:$F,$C12)
A13: ART 6 | B13: Team Beta | C13: Fantastic Four Intelligence | D13: =COUNTIFS(Resource_Workload!$D:$D,$A13,Resource_Workload!$E:$E,$B13,Resource_Workload!$F:$F,$C13) | E13: =SUMIFS(Resource_Workload!$G:$G,Resource_Workload!$D:$D,$A13,Resource_Workload!$E:$E,$B13,Resource_Workload!$F:$F,$C13) | F13: =SUMIFS(Resource_Workload!$P:$P,Resource_Workload!$D:$D,$A13,Resource_Workload!$E:$E,$B13,Resource_Workload!$F:$F,$C13) | G13: =SUMIFS(Resource_Workload!$Q:$Q,Resource_Workload!$D:$D,$A13,Resource_Workload!$E:$E,$B13,Resource_Workload!$F:$F,$C13) | H13: =SUMIFS(Resource_Workload!$R:$R,Resource_Workload!$D:$D,$A13,Resource_Workload!$E:$E,$B13,Resource_Workload!$F:$F,$C13) | I13: =SUMIFS(Resource_Workload!$S:$S,Resource_Workload!$D:$D,$A13,Resource_Workload!$E:$E,$B13,Resource_Workload!$F:$F,$C13) | J13: =SUMIFS(Resource_Workload!$T:$T,Resource_Workload!$D:$D,$A13,Resource_Workload!$E:$E,$B13,Resource_Workload!$F:$F,$C13) | K13: =SUMIFS(Resource_Workload!$U:$U,Resource_Workload!$D:$D,$A13,Resource_Workload!$E:$E,$B13,Resource_Workload!$F:$F,$C13) | L13: =SUMIFS(Resource_Workload!$V:$V,Resource_Workload!$D:$D,$A13,Resource_Workload!$E:$E,$B13,Resource_Workload!$F:$F,$C13) | M13: =SUMIFS(Resource_Workload!$W:$W,Resource_Workload!$D:$D,$A13,Resource_Workload!$E:$E,$B13,Resource_Workload!$F:$F,$C13) | N13: =SUMIFS(Resource_Workload!$X:$X,Resource_Workload!$D:$D,$A13,Resource_Workload!$E:$E,$B13,Resource_Workload!$F:$F,$C13) | O13: =IFERROR(N13/(E13*8),0) | P13: =AVERAGEIFS(Resource_Workload!$Y:$Y,Resource_Workload!$D:$D,$A13,Resource_Workload!$E:$E,$B13,Resource_Workload!$F:$F,$C13) | Q13: =SUMIFS(Resource_Workload!$Z:$Z,Resource_Workload!$D:$D,$A13,Resource_Workload!$E:$E,$B13,Resource_Workload!$F:$F,$C13)
... A15: ART 7 | B15: Team Beta | C15: Justice League Validation | D15: =COUNTIFS(Resource_Workload!$D:$D,$A15,Resource_Workload!$E:$E,$B15,Resource_Workload!$F:$F,$C15) | E15: =SUMIFS(Resource_Workload!$G:$G,Resource_Workload!$D:$D,$A15,Resource_Workload!$E:$E,$B15,Resource_Workload!$F:$F,$C15) | F15: =SUMIFS(Resource_Workload!$P:$P,Resource_Workload!$D:$D,$A15,Resource_Workload!$E:$E,$B15,Resource_Workload!$F:$F,$C15) | G15: =SUMIFS(Resource_Workload!$Q:$Q,Resource_Workload!$D:$D,$A15,Resource_Workload!$E:$E,$B15,Resource_Workload!$F:$F,$C15) | H15: =SUMIFS(Resource_Workload!$R:$R,Resource_Workload!$D:$D,$A15,Resource_Workload!$E:$E,$B15,Resource_Workload!$F:$F,$C15) | I15: =SUMIFS(Resource_Workload!$S:$S,Resource_Workload!$D:$D,$A15,Resource_Workload!$E:$E,$B15,Resource_Workload!$F:$F,$C15) | J15: =SUMIFS(Resource_Workload!$T:$T,Resource_Workload!$D:$D,$A15,Resource_Workload!$E:$E,$B15,Resource_Workload!$F:$F,$C15) | K15: =SUMIFS(Resource_Workload!$U:$U,Resource_Workload!$D:$D,$A15,Resource_Workload!$E:$E,$B15,Resource_Workload!$F:$F,$C15) | L15: =SUMIFS(Resource_Workload!$V:$V,Resource_Workload!$D:$D,$A15,Resource_Workload!$E:$E,$B15,Resource_Workload!$F:$F,$C15) | M15: =SUMIFS(Resource_Workload!$W:$W,Resource_Workload!$D:$D,$A15,Resource_Workload!$E:$E,$B15,Resource_Workload!$F:$F,$C15) | N15: =SUMIFS(Resource_Workload!$X:$X,Resource_Workload!$D:$D,$A15,Resource_Workload!$E:$E,$B15,Resource_Workload!$F:$F,$C15) | O15: =IFERROR(N15/(E15*8),0) | P15: =AVERAGEIFS(Resource_Workload!$Y:$Y,Resource_Workload!$D:$D,$A15,Resource_Workload!$E:$E,$B15,Resource_Workload!$F:$F,$C15) | Q15: =SUMIFS(Resource_Workload!$Z:$Z,Resource_Workload!$D:$D,$A15,Resource_Workload!$E:$E,$B15,Resource_Workload!$F:$F,$C15)

Sheet Dashboard
A1: Metric | B1: Value
A2: Total Resources | B2: =COUNTA(Resource_Workload!A:A)-1
A3: Avg Utilization (all) | B3: =AVERAGE(Resource_Workload!Y:Y)
A4: Overutilized Count (>1.0 avg) | B4: =COUNTIF(Resource_Workload!Y:Y,">1")
